Category,Task,Estimated Time (hours),Actual Time (hours)
Planning and Setup,Set up Laravel project & environment configuration,0.5,
Database Design & Migration,Design database schema,2,
Database Design & Migration,Create migrations & seeders,1,
User Roles & Authorization,Define roles & permissions,3,
User Roles & Authorization,Implement authentication,2,
"Models, Relationships & Business Logic",Create models & relationships,1,
"Models, Relationships & Business Logic",Implement business logic in models & services,4,
"Models, Relationships & Business Logic",Seed data for realistic testing,1,
CRUD for Teams & Projects,Controllers & routes for teams/projects,1,
CRUD for Teams & Projects,"Executives-only actions (create, assign users, delete reviews, etc.)",4,
Review System,"Allow users to review projects, managers, and associates",4,
Review System,"Permissions for who can see reviews (associates, managers, executives, advisors)",2,
Review System,Allow only executives to see reviewer names,1,
